variant,acceptance_rate_mean,acceptance_rate_std,vehicle_km_mean,vehicle_km_std,avg_wait_mean,avg_wait_std,p95_wait_mean,p95_wait_std,avg_walk_mean,avg_walk_std,avg_ivt_mean,avg_ivt_std,detour_ratio_mean,detour_ratio_std,fairness_index_mean,fairness_index_std,cpu_time_mean,cpu_time_std
AblationNoChoice,0.39805555555555555,0.24263477285136403,923.8993255682043,711.7536749929646,309.91515857851687,189.73405901031782,771.7513261019376,471.4617735397433,78.45049325682088,58.04008760550688,830.8064776128867,503.6850759725544,0.764338131135796,0.4611939844099085,0.30944297128924453,0.1874279197527397,15.72970673329352,20.27253599931937
AblationNoRollingHorizon,0.25213888888888886,0.04339749523408687,753.426358718794,413.20257342889556,3948.763833145085,1259.505528655613,18000.628898581843,5149.026367232188,1814.4934188412826,66.53562282362034,6617.014390972193,1197.3127984092755,6.822724444347023,1.3586597573436203,0.5277696646493557,0.028082936270859126,5.447467641652717,6.416138814085667
BidirectionalNoChoice,0.5331666666666667,0.19325032178158688,1721.602403441984,1148.9672250067715,4626.675405404819,1744.9454979790992,14850.175134015759,5023.235257512099,1652.6230452698837,523.7744997873311,3740.107836044624,1305.843644176969,3.60290659501786,1.2582128016803356,0.45872469378330843,0.14556226939932912,25.661370200007998,33.709854567753055
DoorToDoor,0.6096111111111111,0.11802497880913018,2603.7093565019354,1666.3924989295601,5003.530509167623,605.0423065135301,16390.911483832053,1363.5985781349482,0.0,0.0,3772.379305782515,294.1903095646471,3.6346981386258506,0.5927545996235333,0.5385223202298932,0.015680728686625456,12.257282149997385,14.552400258810392
FullModel,0.20819444444444446,0.02219402883265939,628.509771644913,395.51258266192224,450.28047205773845,70.44573556069763,1017.69819517202,283.0598657329496,95.90967834469002,44.861746345891596,949.0387000337547,95.5811360930653,0.9953859344738639,0.008580783466063802,0.40012665271361664,0.03594635590062484,1.4217207000086394,1.289465016310072
SingleSidedPickup,0.44027777777777777,0.2745233089157406,1199.3828331348811,970.637581643005,3847.07779289954,2360.8191852338095,12702.381999578041,7790.257375755802,1025.2531296725076,625.4364730414675,2666.42967502304,1651.0328184463524,2.418405925677931,1.5219083868922478,0.3941642470241309,0.23824165421118015,19.095450158327974,22.653348362875004
